{
    "timestamp": "2025-05-19T00:14:53.295",
    "system_info": {
        "available_processors": 12,
        "max_memory_mb": 16310.6484375,
        "total_memory_mb": 416.3515625,
        "os_name": "Windows",
        "os_version": "10.0.19045",
        "os_arch": "AMD64",
        "python_version": "3.10.13"
    },
    "model_creation": {
        "time_ms": 31.482696533203125
    },
    "training": {
        "time_ms": 11551.427125930786,
        "cpu_time_ms": 96234.375,
        "memory_used_mb": 1177.43359375,
        "peak_memory_mb": 1829.44140625,
        "accuracy": 0.974399983882904,
        "memory_profile": {
            "summary": {
                "duration_ms": 11551,
                "sample_count": 108,
                "sample_interval_ms": 100,
                "peak_total_mb": 1829.44140625
            }
        }
    },
    "inference_runs": [
        {
            "run": 1,
            "prediction": 2,
            "execution_time_ms": 42.288780212402344,
            "cpu_time_ms": 218.75,
            "memory_used_mb": 0.44140625,
            "peak_memory_mb": 415.99609375,
            "memory_profile": {
                "summary": {
                    "duration_ms": 42,
                    "sample_count": 3,
                    "sample_interval_ms": 10,
                    "peak_total_mb": 415.99609375
                }
            }
        },
        {
            "run": 2,
            "prediction": 2,
            "execution_time_ms": 37.19210624694824,
            "cpu_time_ms": 218.75,
            "memory_used_mb": 0.28515625,
            "peak_memory_mb": 416.140625,
            "memory_profile": {
                "summary": {
                    "duration_ms": 37,
                    "sample_count": 3,
                    "sample_interval_ms": 10,
                    "peak_total_mb": 416.140625
                }
            }
        },
        {
            "run": 3,
            "prediction": 2,
            "execution_time_ms": 48.76208305358887,
            "cpu_time_ms": 218.75,
            "memory_used_mb": 0.01953125,
            "peak_memory_mb": 416.45703125,
            "memory_profile": {
                "summary": {
                    "duration_ms": 48,
                    "sample_count": 4,
                    "sample_interval_ms": 10,
                    "peak_total_mb": 416.45703125
                }
            }
        },
        {
            "run": 4,
            "prediction": 2,
            "execution_time_ms": 49.79562759399414,
            "cpu_time_ms": 234.375,
            "memory_used_mb": 0.171875,
            "peak_memory_mb": 416.4140625,
            "memory_profile": {
                "summary": {
                    "duration_ms": 49,
                    "sample_count": 4,
                    "sample_interval_ms": 10,
                    "peak_total_mb": 416.4140625
                }
            }
        },
        {
            "run": 5,
            "prediction": 2,
            "execution_time_ms": 49.469709396362305,
            "cpu_time_ms": 46.875,
            "memory_used_mb": 0.01953125,
            "peak_memory_mb": 416.52734375,
            "memory_profile": {
                "summary": {
                    "duration_ms": 49,
                    "sample_count": 4,
                    "sample_interval_ms": 10,
                    "peak_total_mb": 416.52734375
                }
            }
        }
    ],
    "summary": {
        "model_creation_time_ms": 31.482696533203125,
        "training_time_ms": 11551.427125930786,
        "training_peak_memory_mb": 1829.44140625,
        "average_inference_time_ms": 45.50166130065918,
        "std_dev_inference_time_ms": 5.5719209502427995,
        "average_inference_memory_mb": 0.1875,
        "std_dev_inference_memory_mb": 0.18074586408217616,
        "average_inference_peak_memory_mb": 416.30703125,
        "std_dev_inference_peak_memory_mb": 0.22741287072092303,
        "most_common_prediction": 2,
        "total_time_ms": 11628.411483764648
    }
}