{
    "timestamp": "2025-05-19T00:15:33.098",
    "system_info": {
        "available_processors": 12,
        "max_memory_mb": 16310.6484375,
        "total_memory_mb": 431.87109375,
        "os_name": "Windows",
        "os_version": "10.0.19045",
        "os_arch": "AMD64",
        "python_version": "3.10.13"
    },
    "model_creation": {
        "time_ms": 24.430513381958008
    },
    "training": {
        "time_ms": 6988.8012409210205,
        "cpu_time_ms": 54718.75,
        "memory_used_mb": 1178.0546875,
        "peak_memory_mb": 1732.1875,
        "accuracy": 0.9695000052452087,
        "memory_profile": {
            "summary": {
                "duration_ms": 6988,
                "sample_count": 66,
                "sample_interval_ms": 100,
                "peak_total_mb": 1732.1875
            }
        }
    },
    "inference_runs": [
        {
            "run": 1,
            "prediction": 2,
            "execution_time_ms": 46.87952995300293,
            "cpu_time_ms": 218.75,
            "memory_used_mb": 0.2109375,
            "peak_memory_mb": 431.5078125,
            "memory_profile": {
                "summary": {
                    "duration_ms": 46,
                    "sample_count": 4,
                    "sample_interval_ms": 10,
                    "peak_total_mb": 431.5078125
                }
            }
        },
        {
            "run": 2,
            "prediction": 2,
            "execution_time_ms": 46.878814697265625,
            "cpu_time_ms": 218.75,
            "memory_used_mb": 0.2578125,
            "peak_memory_mb": 431.55859375,
            "memory_profile": {
                "summary": {
                    "duration_ms": 46,
                    "sample_count": 4,
                    "sample_interval_ms": 10,
                    "peak_total_mb": 431.55859375
                }
            }
        },
        {
            "run": 3,
            "prediction": 2,
            "execution_time_ms": 34.468650817871094,
            "cpu_time_ms": 203.125,
            "memory_used_mb": 0.36328125,
            "peak_memory_mb": 431.76171875,
            "memory_profile": {
                "summary": {
                    "duration_ms": 34,
                    "sample_count": 3,
                    "sample_interval_ms": 10,
                    "peak_total_mb": 431.76171875
                }
            }
        },
        {
            "run": 4,
            "prediction": 2,
            "execution_time_ms": 41.90373420715332,
            "cpu_time_ms": 218.75,
            "memory_used_mb": 0.01953125,
            "peak_memory_mb": 432.03515625,
            "memory_profile": {
                "summary": {
                    "duration_ms": 41,
                    "sample_count": 4,
                    "sample_interval_ms": 10,
                    "peak_total_mb": 432.03515625
                }
            }
        },
        {
            "run": 5,
            "prediction": 2,
            "execution_time_ms": 49.634456634521484,
            "cpu_time_ms": 203.125,
            "memory_used_mb": 0.04296875,
            "peak_memory_mb": 432.05078125,
            "memory_profile": {
                "summary": {
                    "duration_ms": 49,
                    "sample_count": 4,
                    "sample_interval_ms": 10,
                    "peak_total_mb": 432.05078125
                }
            }
        }
    ],
    "summary": {
        "model_creation_time_ms": 24.430513381958008,
        "training_time_ms": 6988.8012409210205,
        "training_peak_memory_mb": 1732.1875,
        "average_inference_time_ms": 43.95303726196289,
        "std_dev_inference_time_ms": 5.990748876180789,
        "average_inference_memory_mb": 0.17890625,
        "std_dev_inference_memory_mb": 0.14588157219288786,
        "average_inference_peak_memory_mb": 431.7828125,
        "std_dev_inference_peak_memory_mb": 0.25584595623209,
        "most_common_prediction": 2,
        "total_time_ms": 7057.184791564941
    }
}